age_group	history_mental_illness	avg_risk_score	count 
18Đ29	No	5.726279752	55206
18Đ29	Yes	9.015549575	23409
30Đ44	No	5.897078175	70675
30Đ44	Yes	9.26825692	27962
45Đ59	No	6.123796203	68637
45Đ59	Yes	9.627287744	30270
60+	No	6.988932299	93425
60+	Yes	10.4968767	44184