age_group	sleep_patterns	avg_risk_score	count
18Đ29	Fair	6.627386257	36354
18Đ29	Good	6.054655424	22651
18Đ29	Poor	7.602957675	19610
30Đ44	Fair	6.81497474	46318
30Đ44	Good	6.553708958	19736
30Đ44	Poor	7.087591689	32583
45Đ59	Fair	7.188311825	47347
45Đ59	Good	6.695386881	19011
45Đ59	Poor	7.499646687	32549
60+	Fair	8.117403025	66770
60+	Good	7.4104004	25999
60+	Poor	8.520807315	44840