age_group	alcohol_consumption	avg_risk_score
18Đ29	High	8.445974985
18Đ29	Low	5.686563986
18Đ29	Moderate	6.616947473
30Đ44	High	8.417694867
30Đ44	Low	5.869850995
30Đ44	Moderate	6.753047229
45Đ59	High	8.805729366
45Đ59	Low	6.179942693
45Đ59	Moderate	7.098322251
60+	High	9.478018437
60+	Low	7.092314986
60+	Moderate	8.05759553