age_group	history_substance_abuse	avg_risk_score	count
18Đ29	No	5.990946612	52577
18Đ29	Yes	8.149012981	26038
30Đ44	No	6.185984629	67269
30Đ44	Yes	8.282644733	31368
45Đ59	No	6.570358519	68755
45Đ59	Yes	8.622711595	30152
60+	No	7.505104955	96279
60+	Yes	9.536680377	41330