age_group	dietary_habits	avg_risk_score	count
18Đ29	Healthy	5.017073335	14877
18Đ29	Moderate	6.348633089	31787
18Đ29	Unhealthy	7.847234828	31951
30Đ44	Healthy	4.940502156	19715
30Đ44	Moderate	6.565525413	39664
30Đ44	Unhealthy	8.103265576	39258
45Đ59	Healthy	5.263649829	19579
45Đ59	Moderate	6.954577303	41389
45Đ59	Unhealthy	8.456654103	37939
60+	Healthy	5.962583179	18334
60+	Moderate	7.77964101	57606
60+	Unhealthy	9.068786586	61669