age_group	family_history_depression	avg_risk_score	count
18Đ29	No	6.298904738	62816
18Đ29	Yes	8.323185012	15799
30Đ44	No	6.364606402	74505
30Đ44	Yes	8.359854136	24132
45Đ59	No	6.685475784	73794
45Đ59	Yes	8.696252937	25113
60+	No	7.44416849	91400
60+	Yes	9.442705966	46209