age_group	smoking_status	avg_risk_score	count
18Đ29	Current	7.907778433	23758
30Đ44	Current	8.205214678	19867
45Đ59	Current	8.63105609	6543
18Đ29	Former	6.166060527	15398
30Đ44	Former	6.503322651	29645
45Đ59	Former	7.091494284	29827
60+	Former	8.127075568	41314
18Đ29	Non-smoker	6.192554297	39459
30Đ44	Non-smoker	6.516661578	49125
45Đ59	Non-smoker	7.095735325	62537
60+	Non-smoker	8.110213407	96295