marital_status	age_group	avg_risk_score	count
Divorced	30–44	6.825105566	13025
Divorced	45–59	7.146670727	19704
Married	18–29	6.582878981	19625
Married	30–44	6.84747282	69168
Married	45–59	7.141662575	69242
Married	60+	7.903262993	82409
Single	18–29	6.746584167	58990
Single	30–44	6.76554878	13120
Widowed	30–44	7.415162455	3324
Widowed	45–59	7.671518924	9961
Widowed	60+	8.431793478	55200
