age_group	physical_activity_level	avg_risk_score	count
18Đ29	Active	5.902407468	39419
18Đ29	Moderate	6.897939281	23584
18Đ29	Sedentary	8.443633103	15612
30Đ44	Active	5.346112723	19641
30Đ44	Moderate	6.357964747	39543
30Đ44	Sedentary	8.098725065	39453
45Đ59	Active	5.69090451	19845
45Đ59	Moderate	6.670079952	39649
45Đ59	Sedentary	8.482962474	39413
60+	Moderate	7.026902258	55237
60+	Sedentary	8.845117273	82372